episode	lm	weight	score	was_correct
0	learning_module_0	1.1	0.55	True
0	learning_module_1	1.1	0.55	True
0	learning_module_2	1.1	0.55	True
0	learning_module_3	1.1	0.55	True
0	learning_module_4	0.91	0.45	False
1	learning_module_0	1.1900000000000002	0.5950000000000001	True
1	learning_module_1	1.1900000000000002	0.5950000000000001	True
1	learning_module_2	1.1900000000000002	0.5950000000000001	True
1	learning_module_3	1.1900000000000002	0.5950000000000001	True
1	learning_module_4	1.01	0.505	True
2	learning_module_0	1.2710000000000001	0.6355000000000001	True
2	learning_module_1	1.2710000000000001	0.6355000000000001	True
2	learning_module_2	1.2710000000000001	0.6355000000000001	True
2	learning_module_3	1.0710000000000002	0.5355000000000001	False
2	learning_module_4	0.9181	0.4545	False
3	learning_module_0	1.3439	0.67195	True
3	learning_module_1	1.3439	0.67195	True
3	learning_module_2	1.3439	0.67195	True
3	learning_module_3	1.1639000000000002	0.5819500000000001	True
3	learning_module_4	0.83629	0.40905	False
4	learning_module_0	1.40951	0.704755	True
4	learning_module_1	1.40951	0.704755	True
4	learning_module_2	1.40951	0.704755	True
4	learning_module_3	1.2475100000000001	0.6237550000000001	True
4	learning_module_4	0.762661	0.36814500000000006	False
5	learning_module_0	1.468559	0.7342795	True
5	learning_module_1	1.468559	0.7342795	True
5	learning_module_2	1.468559	0.7342795	True
5	learning_module_3	1.322759	0.6613795	True
5	learning_module_4	0.8763949000000001	0.43133050000000006	True
6	learning_module_0	1.5217030999999999	0.7608515499999999	True
6	learning_module_1	1.5217030999999999	0.7608515499999999	True
6	learning_module_2	1.5217030999999999	0.7608515499999999	True
6	learning_module_3	1.1904831	0.59524155	False
6	learning_module_4	0.79875541	0.38819745000000005	False
7	learning_module_0	1.5695327899999998	0.7847663949999999	True
7	learning_module_1	1.5695327899999998	0.7847663949999999	True
7	learning_module_2	1.5695327899999998	0.7847663949999999	True
7	learning_module_3	1.27143479	0.635717395	True
7	learning_module_4	0.9088798690000002	0.44937770500000007	True
8	learning_module_0	1.6125795109999999	0.8062897554999999	True
8	learning_module_1	1.6125795109999999	0.8062897554999999	True
8	learning_module_2	1.6125795109999999	0.8062897554999999	True
8	learning_module_3	1.344291311	0.6721456555	True
8	learning_module_4	1.0088798690000003	0.5044399345000001	True
9	learning_module_0	1.6513215599	0.82566077995	True
9	learning_module_1	1.6513215599	0.82566077995	True
9	learning_module_2	1.6513215599	0.82566077995	True
9	learning_module_3	1.2098621799000002	0.6049310899500001	False
9	learning_module_4	0.9171926938900002	0.45399594105000013	False
10	learning_module_0	1.68618940391	0.843094701955	True
10	learning_module_1	1.68618940391	0.843094701955	True
10	learning_module_2	1.68618940391	0.843094701955	True
10	learning_module_3	1.28887596191	0.644437980955	True
10	learning_module_4	1.0171926938900002	0.5085963469450001	True
11	learning_module_0	1.7175704635190001	0.8587852317595001	True
11	learning_module_1	1.7175704635190001	0.8587852317595001	True
11	learning_module_2	1.7175704635190001	0.8587852317595001	True
11	learning_module_3	1.3599883657190002	0.6799941828595001	True
11	learning_module_4	1.1154734245010003	0.5577367122505001	True
12	learning_module_0	1.7458134171671	0.87290670858355	True
12	learning_module_1	1.7458134171671	0.87290670858355	True
12	learning_module_2	1.7458134171671	0.87290670858355	True
12	learning_module_3	1.2239895291471001	0.6119947645735501	False
12	learning_module_4	1.0039260820509004	0.5019630410254502	False
13	learning_module_0	1.77123207545039	0.885616037725195	True
13	learning_module_1	1.77123207545039	0.885616037725195	True
13	learning_module_2	1.77123207545039	0.885616037725195	True
13	learning_module_3	1.30159057623239	0.650795288116195	True
13	learning_module_4	0.9131801264612294	0.4517667369229052	False
14	learning_module_0	1.794108867905351	0.8970544339526755	True
14	learning_module_1	1.794108867905351	0.8970544339526755	True
14	learning_module_2	1.794108867905351	0.8970544339526755	True
14	learning_module_3	1.371431518609151	0.6857157593045755	True
14	learning_module_4	1.0131801264612295	0.5065900632306147	True
15	learning_module_0	1.8146979811148158	0.9073489905574079	True
15	learning_module_1	1.8146979811148158	0.9073489905574079	True
15	learning_module_2	1.8146979811148158	0.9073489905574079	True
15	learning_module_3	1.234288366748236	0.617144183374118	False
15	learning_module_4	1.1118621138151066	0.5559310569075533	True
16	learning_module_0	1.8332281830033343	0.9166140915016672	True
16	learning_module_1	1.8332281830033343	0.9166140915016672	True
16	learning_module_2	1.8332281830033343	0.9166140915016672	True
16	learning_module_3	1.1108595300734125	0.5554297650367063	False
16	learning_module_4	1.000675902433596	0.500337951216798	False
17	learning_module_0	1.8499053647030008	0.9249526823515004	True
17	learning_module_1	1.8499053647030008	0.9249526823515004	True
17	learning_module_2	1.8499053647030008	0.9249526823515004	True
17	learning_module_3	1.1997735770660714	0.5998867885330357	True
17	learning_module_4	1.1006083121902366	0.5503041560951183	True
18	learning_module_0	1.8649148282327008	0.9324574141163504	True
18	learning_module_1	1.8649148282327008	0.9324574141163504	True
18	learning_module_2	1.8649148282327008	0.9324574141163504	True
18	learning_module_3	1.2797962193594643	0.6398981096797322	True
18	learning_module_4	1.1905474809712129	0.5952737404856064	True
19	learning_module_0	1.8784233454094308	0.9392116727047154	True
19	learning_module_1	1.8784233454094308	0.9392116727047154	True
19	learning_module_2	1.8784233454094308	0.9392116727047154	True
19	learning_module_3	1.151816597423518	0.575908298711759	False
19	learning_module_4	1.0714927328740915	0.5357463664370458	False
20	learning_module_0	1.8905810108684877	0.9452905054342439	True
20	learning_module_1	1.8905810108684877	0.9452905054342439	True
20	learning_module_2	1.8905810108684877	0.9452905054342439	True
20	learning_module_3	1.236634937681166	0.618317468840583	True
20	learning_module_4	1.1643434595866824	0.5821717297933412	True
21	learning_module_0	1.9015229097816388	0.9507614548908194	True
21	learning_module_1	1.9015229097816388	0.9507614548908194	True
21	learning_module_2	1.9015229097816388	0.9507614548908194	True
21	learning_module_3	1.1129714439130496	0.5564857219565248	False
21	learning_module_4	1.247909113628014	0.623954556814007	True
22	learning_module_0	1.911370618803475	0.9556853094017375	True
22	learning_module_1	1.911370618803475	0.9556853094017375	True
22	learning_module_2	1.911370618803475	0.9556853094017375	True
22	learning_module_3	1.0016742995217447	0.5008371497608723	False
22	learning_module_4	1.1231182022652126	0.5615591011326063	False
23	learning_module_0	1.9202335569231275	0.9601167784615637	True
23	learning_module_1	1.9202335569231275	0.9601167784615637	True
23	learning_module_2	1.9202335569231275	0.9601167784615637	True
23	learning_module_3	0.9113561826126132	0.45075343478478513	False
23	learning_module_4	1.2108063820386914	0.6054031910193457	True
24	learning_module_0	1.9282102012308147	0.9641051006154073	True
24	learning_module_1	1.9282102012308147	0.9641051006154073	True
24	learning_module_2	1.9282102012308147	0.9641051006154073	True
24	learning_module_3	1.0113561826126132	0.5056780913063066	True
24	learning_module_4	1.0897257438348222	0.5448628719174111	False
25	learning_module_0	1.9353891811077333	0.9676945905538666	True
25	learning_module_1	1.9353891811077333	0.9676945905538666	True
25	learning_module_2	1.9353891811077333	0.9676945905538666	True
25	learning_module_3	1.1102205643513519	0.5551102821756759	True
25	learning_module_4	0.9826778525062061	0.49037658472567003	False
26	learning_module_0	1.9418502629969598	0.9709251314984799	True
26	learning_module_1	1.9418502629969598	0.9709251314984799	True
26	learning_module_2	1.9418502629969598	0.9709251314984799	True
26	learning_module_3	0.999278657124595	0.49959925395810834	False
26	learning_module_4	1.0826778525062062	0.5413389262531031	True
27	learning_module_0	1.9476652366972638	0.9738326183486319	True
27	learning_module_1	1.9476652366972638	0.9738326183486319	True
27	learning_module_2	1.9476652366972638	0.9738326183486319	True
27	learning_module_3	1.099278657124595	0.5496393285622975	True
27	learning_module_4	1.1744100672555855	0.5872050336277927	True
28	learning_module_0	1.9528987130275375	0.9764493565137687	True
28	learning_module_1	1.9528987130275375	0.9764493565137687	True
28	learning_module_2	1.9528987130275375	0.9764493565137687	True
28	learning_module_3	0.9904157122709218	0.4946753957060677	False
28	learning_module_4	1.056969060530027	0.5284845302650135	False
29	learning_module_0	1.9576088417247837	0.9788044208623918	True
29	learning_module_1	1.9576088417247837	0.9788044208623918	True
29	learning_module_2	1.9576088417247837	0.9788044208623918	True
29	learning_module_3	0.9013741410438296	0.44520785613546093	False
29	learning_module_4	0.956144939029322	0.4756360772385122	False
30	learning_module_0	1.9618479575523053	0.9809239787761527	True
30	learning_module_1	1.9618479575523053	0.9809239787761527	True
30	learning_module_2	1.9618479575523053	0.9809239787761527	True
30	learning_module_3	1.0013741410438297	0.5006870705219149	True
30	learning_module_4	1.056144939029322	0.528072469514661	True
31	learning_module_0	1.9656631617970748	0.9828315808985374	True
31	learning_module_1	1.9656631617970748	0.9828315808985374	True
31	learning_module_2	1.9656631617970748	0.9828315808985374	True
31	learning_module_3	0.9111130542455022	0.4506183634697234	False
31	learning_module_4	0.9554774006137509	0.4752652225631949	False
32	learning_module_0	1.9690968456173672	0.9845484228086836	True
32	learning_module_1	1.9690968456173672	0.9845484228086836	True
32	learning_module_2	1.9690968456173672	0.9845484228086836	True
32	learning_module_3	1.0111130542455022	0.5055565271227511	True
32	learning_module_4	1.0554774006137508	0.5277387003068754	True
33	learning_module_0	1.9721871610556305	0.9860935805278153	True
33	learning_module_1	1.9721871610556305	0.9860935805278153	True
33	learning_module_2	1.9721871610556305	0.9860935805278153	True
33	learning_module_3	1.1100017488209521	0.5550008744104761	True
33	learning_module_4	0.9549366944971382	0.4749648302761879	False
34	learning_module_0	1.9749684449500675	0.9874842224750338	True
34	learning_module_1	1.9749684449500675	0.9874842224750338	True
34	learning_module_2	1.9749684449500675	0.9874842224750338	True
34	learning_module_3	1.1990015739388569	0.5995007869694284	True
34	learning_module_4	1.0549366944971383	0.5274683472485692	True
35	learning_module_0	1.9774716004550608	0.9887358002275304	True
35	learning_module_1	1.9774716004550608	0.9887358002275304	True
35	learning_module_2	1.9774716004550608	0.9887358002275304	True
35	learning_module_3	1.0791014165449713	0.5395507082724856	False
35	learning_module_4	1.1494430250474246	0.5747215125237123	True
36	learning_module_0	1.9797244404095546	0.9898622202047773	True
36	learning_module_1	1.9797244404095546	0.9898622202047773	True
36	learning_module_2	1.9797244404095546	0.9898622202047773	True
36	learning_module_3	0.9740721474014268	0.4855956374452371	False
36	learning_module_4	1.034498722542682	0.517249361271341	False
37	learning_module_0	1.9817519963685992	0.9908759981842996	True
37	learning_module_1	1.9817519963685992	0.9908759981842996	True
37	learning_module_2	1.9817519963685992	0.9908759981842996	True
37	learning_module_3	1.0740721474014268	0.5370360737007134	True
37	learning_module_4	1.131048850288414	0.565524425144207	True
38	learning_module_0	1.9835767967317393	0.9917883983658696	True
38	learning_module_1	1.9835767967317393	0.9917883983658696	True
38	learning_module_2	1.9835767967317393	0.9917883983658696	True
38	learning_module_3	0.9699984393951556	0.48333246633064203	False
38	learning_module_4	1.2179439652595725	0.6089719826297862	True
39	learning_module_0	1.9852191170585654	0.9926095585292827	True
39	learning_module_1	1.9852191170585654	0.9926095585292827	True
39	learning_module_2	1.9852191170585654	0.9926095585292827	True
39	learning_module_3	1.0699984393951556	0.5349992196975778	True
39	learning_module_4	1.0961495687336154	0.5480747843668077	False
40	learning_module_0	1.9866972053527088	0.9933486026763544	True
40	learning_module_1	1.9866972053527088	0.9933486026763544	True
40	learning_module_2	1.9866972053527088	0.9933486026763544	True
40	learning_module_3	1.16299859545564	0.58149929772782	True
40	learning_module_4	1.1865346118602538	0.5932673059301269	True
41	learning_module_0	1.988027484817438	0.994013742408719	True
41	learning_module_1	1.988027484817438	0.994013742408719	True
41	learning_module_2	1.988027484817438	0.994013742408719	True
41	learning_module_3	1.246698735910076	0.623349367955038	True
41	learning_module_4	1.2678811506742285	0.6339405753371142	True
42	learning_module_0	1.989224736335694	0.994612368167847	True
42	learning_module_1	1.989224736335694	0.994612368167847	True
42	learning_module_2	1.989224736335694	0.994612368167847	True
42	learning_module_3	1.3220288623190684	0.6610144311595342	True
42	learning_module_4	1.3410930356068056	0.6705465178034028	True
43	learning_module_0	1.9903022627021247	0.9951511313510624	True
43	learning_module_1	1.9903022627021247	0.9951511313510624	True
43	learning_module_2	1.9903022627021247	0.9951511313510624	True
43	learning_module_3	1.3898259760871614	0.6949129880435807	True
43	learning_module_4	1.406983732046125	0.7034918660230625	True
44	learning_module_0	1.9912720364319123	0.9956360182159562	True
44	learning_module_1	1.9912720364319123	0.9956360182159562	True
44	learning_module_2	1.9912720364319123	0.9956360182159562	True
44	learning_module_3	1.4508433784784454	0.7254216892392227	True
44	learning_module_4	1.4662853588415123	0.7331426794207562	True
45	learning_module_0	1.992144832788721	0.9960724163943605	True
45	learning_module_1	1.992144832788721	0.9960724163943605	True
45	learning_module_2	1.992144832788721	0.9960724163943605	True
45	learning_module_3	1.5057590406306007	0.7528795203153004	True
45	learning_module_4	1.519656822957361	0.7598284114786805	True
46	learning_module_0	1.992930349509849	0.9964651747549245	True
46	learning_module_1	1.992930349509849	0.9964651747549245	True
46	learning_module_2	1.992930349509849	0.9964651747549245	True
46	learning_module_3	1.5551831365675406	0.7775915682837703	True
46	learning_module_4	1.567691140661625	0.7838455703308125	True
47	learning_module_0	1.993637314558864	0.996818657279432	True
47	learning_module_1	1.993637314558864	0.996818657279432	True
47	learning_module_2	1.993637314558864	0.996818657279432	True
47	learning_module_3	1.5996648229107866	0.7998324114553933	True
47	learning_module_4	1.6109220265954625	0.8054610132977312	True
48	learning_module_0	1.9942735831029776	0.9971367915514888	True
48	learning_module_1	1.9942735831029776	0.9971367915514888	True
48	learning_module_2	1.9942735831029776	0.9971367915514888	True
48	learning_module_3	1.6396983406197079	0.8198491703098539	True
48	learning_module_4	1.6498298239359162	0.8249149119679581	True
49	learning_module_0	1.99484622479268	0.99742311239634	True
49	learning_module_1	1.99484622479268	0.99742311239634	True
49	learning_module_2	1.99484622479268	0.99742311239634	True
49	learning_module_3	1.475728506557737	0.7378642532788685	False
49	learning_module_4	1.6848468415423246	0.8424234207711623	True
50	learning_module_0	1.99484622479268	0.99742311239634	True
50	learning_module_1	1.99484622479268	0.99742311239634	True
50	learning_module_2	1.99484622479268	0.99742311239634	True
50	learning_module_3	1.475728506557737	0.7378642532788685	True
50	learning_module_4	1.6848468415423246	0.8424234207711623	True
51	learning_module_0	1.99484622479268	0.99742311239634	True
51	learning_module_1	1.99484622479268	0.99742311239634	True
51	learning_module_2	1.99484622479268	0.99742311239634	True
51	learning_module_3	1.475728506557737	0.7378642532788685	True
51	learning_module_4	1.6848468415423246	0.8424234207711623	True
52	learning_module_0	1.99484622479268	0.99742311239634	True
52	learning_module_1	1.99484622479268	0.99742311239634	True
52	learning_module_2	1.99484622479268	0.99742311239634	True
52	learning_module_3	1.475728506557737	0.7378642532788685	True
52	learning_module_4	1.6848468415423246	0.8424234207711623	False
53	learning_module_0	1.99484622479268	0.99742311239634	True
53	learning_module_1	1.99484622479268	0.99742311239634	True
53	learning_module_2	1.99484622479268	0.99742311239634	True
53	learning_module_3	1.475728506557737	0.7378642532788685	False
53	learning_module_4	1.6848468415423246	0.8424234207711623	True
54	learning_module_0	1.99484622479268	0.99742311239634	True
54	learning_module_1	1.99484622479268	0.99742311239634	True
54	learning_module_2	1.99484622479268	0.99742311239634	True
54	learning_module_3	1.475728506557737	0.7378642532788685	True
54	learning_module_4	1.6848468415423246	0.8424234207711623	True
55	learning_module_0	1.99484622479268	0.99742311239634	True
55	learning_module_1	1.99484622479268	0.99742311239634	True
55	learning_module_2	1.99484622479268	0.99742311239634	True
55	learning_module_3	1.475728506557737	0.7378642532788685	True
55	learning_module_4	1.6848468415423246	0.8424234207711623	True
56	learning_module_0	1.99484622479268	0.99742311239634	True
56	learning_module_1	1.99484622479268	0.99742311239634	True
56	learning_module_2	1.99484622479268	0.99742311239634	True
56	learning_module_3	1.475728506557737	0.7378642532788685	False
56	learning_module_4	1.6848468415423246	0.8424234207711623	True
57	learning_module_0	1.99484622479268	0.99742311239634	True
57	learning_module_1	1.99484622479268	0.99742311239634	True
57	learning_module_2	1.99484622479268	0.99742311239634	True
57	learning_module_3	1.475728506557737	0.7378642532788685	True
57	learning_module_4	1.6848468415423246	0.8424234207711623	True
58	learning_module_0	1.99484622479268	0.99742311239634	True
58	learning_module_1	1.99484622479268	0.99742311239634	True
58	learning_module_2	1.99484622479268	0.99742311239634	True
58	learning_module_3	1.475728506557737	0.7378642532788685	True
58	learning_module_4	1.6848468415423246	0.8424234207711623	False
59	learning_module_0	1.99484622479268	0.99742311239634	True
59	learning_module_1	1.99484622479268	0.99742311239634	True
59	learning_module_2	1.99484622479268	0.99742311239634	True
59	learning_module_3	1.475728506557737	0.7378642532788685	True
59	learning_module_4	1.6848468415423246	0.8424234207711623	True
60	learning_module_0	1.99484622479268	0.99742311239634	True
60	learning_module_1	1.99484622479268	0.99742311239634	True
60	learning_module_2	1.99484622479268	0.99742311239634	True
60	learning_module_3	1.475728506557737	0.7378642532788685	True
60	learning_module_4	1.6848468415423246	0.8424234207711623	True
61	learning_module_0	1.99484622479268	0.99742311239634	True
61	learning_module_1	1.99484622479268	0.99742311239634	True
61	learning_module_2	1.99484622479268	0.99742311239634	True
61	learning_module_3	1.475728506557737	0.7378642532788685	True
61	learning_module_4	1.6848468415423246	0.8424234207711623	False
62	learning_module_0	1.99484622479268	0.99742311239634	True
62	learning_module_1	1.99484622479268	0.99742311239634	True
62	learning_module_2	1.99484622479268	0.99742311239634	True
62	learning_module_3	1.475728506557737	0.7378642532788685	True
62	learning_module_4	1.6848468415423246	0.8424234207711623	True
63	learning_module_0	1.99484622479268	0.99742311239634	True
63	learning_module_1	1.99484622479268	0.99742311239634	True
63	learning_module_2	1.99484622479268	0.99742311239634	True
63	learning_module_3	1.475728506557737	0.7378642532788685	True
63	learning_module_4	1.6848468415423246	0.8424234207711623	False
64	learning_module_0	1.99484622479268	0.99742311239634	True
64	learning_module_1	1.99484622479268	0.99742311239634	True
64	learning_module_2	1.99484622479268	0.99742311239634	True
64	learning_module_3	1.475728506557737	0.7378642532788685	True
64	learning_module_4	1.6848468415423246	0.8424234207711623	True
65	learning_module_0	1.99484622479268	0.99742311239634	True
65	learning_module_1	1.99484622479268	0.99742311239634	True
65	learning_module_2	1.99484622479268	0.99742311239634	True
65	learning_module_3	1.475728506557737	0.7378642532788685	True
65	learning_module_4	1.6848468415423246	0.8424234207711623	True
66	learning_module_0	1.99484622479268	0.99742311239634	True
66	learning_module_1	1.99484622479268	0.99742311239634	True
66	learning_module_2	1.99484622479268	0.99742311239634	True
66	learning_module_3	1.475728506557737	0.7378642532788685	True
66	learning_module_4	1.6848468415423246	0.8424234207711623	True
67	learning_module_0	1.99484622479268	0.99742311239634	True
67	learning_module_1	1.99484622479268	0.99742311239634	True
67	learning_module_2	1.99484622479268	0.99742311239634	True
67	learning_module_3	1.475728506557737	0.7378642532788685	True
67	learning_module_4	1.6848468415423246	0.8424234207711623	True
68	learning_module_0	1.99484622479268	0.99742311239634	True
68	learning_module_1	1.99484622479268	0.99742311239634	True
68	learning_module_2	1.99484622479268	0.99742311239634	True
68	learning_module_3	1.475728506557737	0.7378642532788685	True
68	learning_module_4	1.6848468415423246	0.8424234207711623	True
69	learning_module_0	1.99484622479268	0.99742311239634	True
69	learning_module_1	1.99484622479268	0.99742311239634	True
69	learning_module_2	1.99484622479268	0.99742311239634	True
69	learning_module_3	1.475728506557737	0.7378642532788685	True
69	learning_module_4	1.6848468415423246	0.8424234207711623	False
70	learning_module_0	1.99484622479268	0.99742311239634	True
70	learning_module_1	1.99484622479268	0.99742311239634	True
70	learning_module_2	1.99484622479268	0.99742311239634	True
70	learning_module_3	1.475728506557737	0.7378642532788685	True
70	learning_module_4	1.6848468415423246	0.8424234207711623	False
71	learning_module_0	1.99484622479268	0.99742311239634	True
71	learning_module_1	1.99484622479268	0.99742311239634	True
71	learning_module_2	1.99484622479268	0.99742311239634	True
71	learning_module_3	1.475728506557737	0.7378642532788685	True
71	learning_module_4	1.6848468415423246	0.8424234207711623	True
72	learning_module_0	1.99484622479268	0.99742311239634	True
72	learning_module_1	1.99484622479268	0.99742311239634	True
72	learning_module_2	1.99484622479268	0.99742311239634	True
72	learning_module_3	1.475728506557737	0.7378642532788685	True
72	learning_module_4	1.6848468415423246	0.8424234207711623	True
73	learning_module_0	1.99484622479268	0.99742311239634	True
73	learning_module_1	1.99484622479268	0.99742311239634	True
73	learning_module_2	1.99484622479268	0.99742311239634	True
73	learning_module_3	1.475728506557737	0.7378642532788685	True
73	learning_module_4	1.6848468415423246	0.8424234207711623	True
74	learning_module_0	1.99484622479268	0.99742311239634	True
74	learning_module_1	1.99484622479268	0.99742311239634	True
74	learning_module_2	1.99484622479268	0.99742311239634	True
74	learning_module_3	1.475728506557737	0.7378642532788685	True
74	learning_module_4	1.6848468415423246	0.8424234207711623	True
75	learning_module_0	1.99484622479268	0.99742311239634	True
75	learning_module_1	1.99484622479268	0.99742311239634	True
75	learning_module_2	1.99484622479268	0.99742311239634	True
75	learning_module_3	1.475728506557737	0.7378642532788685	False
75	learning_module_4	1.6848468415423246	0.8424234207711623	True
76	learning_module_0	1.99484622479268	0.99742311239634	False
76	learning_module_1	1.99484622479268	0.99742311239634	False
76	learning_module_2	1.99484622479268	0.99742311239634	False
76	learning_module_3	1.475728506557737	0.7378642532788685	False
76	learning_module_4	1.6848468415423246	0.8424234207711623	False
77	learning_module_0	1.99484622479268	0.99742311239634	True
77	learning_module_1	1.99484622479268	0.99742311239634	True
77	learning_module_2	1.99484622479268	0.99742311239634	True
77	learning_module_3	1.475728506557737	0.7378642532788685	True
77	learning_module_4	1.6848468415423246	0.8424234207711623	True
78	learning_module_0	1.99484622479268	0.99742311239634	True
78	learning_module_1	1.99484622479268	0.99742311239634	True
78	learning_module_2	1.99484622479268	0.99742311239634	True
78	learning_module_3	1.475728506557737	0.7378642532788685	True
78	learning_module_4	1.6848468415423246	0.8424234207711623	True
79	learning_module_0	1.99484622479268	0.99742311239634	True
79	learning_module_1	1.99484622479268	0.99742311239634	True
79	learning_module_2	1.99484622479268	0.99742311239634	True
79	learning_module_3	1.475728506557737	0.7378642532788685	True
79	learning_module_4	1.6848468415423246	0.8424234207711623	False
80	learning_module_0	1.99484622479268	0.99742311239634	True
80	learning_module_1	1.99484622479268	0.99742311239634	True
80	learning_module_2	1.99484622479268	0.99742311239634	True
80	learning_module_3	1.475728506557737	0.7378642532788685	True
80	learning_module_4	1.6848468415423246	0.8424234207711623	True
81	learning_module_0	1.99484622479268	0.99742311239634	True
81	learning_module_1	1.99484622479268	0.99742311239634	True
81	learning_module_2	1.99484622479268	0.99742311239634	True
81	learning_module_3	1.475728506557737	0.7378642532788685	True
81	learning_module_4	1.6848468415423246	0.8424234207711623	False
82	learning_module_0	1.99484622479268	0.99742311239634	True
82	learning_module_1	1.99484622479268	0.99742311239634	True
82	learning_module_2	1.99484622479268	0.99742311239634	True
82	learning_module_3	1.475728506557737	0.7378642532788685	True
82	learning_module_4	1.6848468415423246	0.8424234207711623	True
83	learning_module_0	1.99484622479268	0.99742311239634	False
83	learning_module_1	1.99484622479268	0.99742311239634	False
83	learning_module_2	1.99484622479268	0.99742311239634	False
83	learning_module_3	1.475728506557737	0.7378642532788685	False
83	learning_module_4	1.6848468415423246	0.8424234207711623	False
84	learning_module_0	1.99484622479268	0.99742311239634	True
84	learning_module_1	1.99484622479268	0.99742311239634	True
84	learning_module_2	1.99484622479268	0.99742311239634	True
84	learning_module_3	1.475728506557737	0.7378642532788685	True
84	learning_module_4	1.6848468415423246	0.8424234207711623	True
85	learning_module_0	1.99484622479268	0.99742311239634	True
85	learning_module_1	1.99484622479268	0.99742311239634	True
85	learning_module_2	1.99484622479268	0.99742311239634	True
85	learning_module_3	1.475728506557737	0.7378642532788685	True
85	learning_module_4	1.6848468415423246	0.8424234207711623	True
86	learning_module_0	1.99484622479268	0.99742311239634	True
86	learning_module_1	1.99484622479268	0.99742311239634	True
86	learning_module_2	1.99484622479268	0.99742311239634	True
86	learning_module_3	1.475728506557737	0.7378642532788685	True
86	learning_module_4	1.6848468415423246	0.8424234207711623	True
87	learning_module_0	1.99484622479268	0.99742311239634	True
87	learning_module_1	1.99484622479268	0.99742311239634	True
87	learning_module_2	1.99484622479268	0.99742311239634	True
87	learning_module_3	1.475728506557737	0.7378642532788685	True
87	learning_module_4	1.6848468415423246	0.8424234207711623	True
88	learning_module_0	1.99484622479268	0.99742311239634	True
88	learning_module_1	1.99484622479268	0.99742311239634	True
88	learning_module_2	1.99484622479268	0.99742311239634	False
88	learning_module_3	1.475728506557737	0.7378642532788685	True
88	learning_module_4	1.6848468415423246	0.8424234207711623	True
89	learning_module_0	1.99484622479268	0.99742311239634	True
89	learning_module_1	1.99484622479268	0.99742311239634	True
89	learning_module_2	1.99484622479268	0.99742311239634	True
89	learning_module_3	1.475728506557737	0.7378642532788685	True
89	learning_module_4	1.6848468415423246	0.8424234207711623	True
